{"cameraMode":{"drawMode":0,"name":"Shaded","section":"Shading Mode"},"sceneLighting":true,"audioPlay":false,"sceneViewState":{"m_AlwaysRefresh":false,"showFog":true,"showSkybox":true,"showFlares":true,"showImageEffects":true,"showParticleSystems":true,"showVisualEffectGraphs":true,"m_FxEnabled":true},"in2DMode":false,"pivot":{"x":150.6578369140625,"y":49.45901870727539,"z":198.42044067382813},"rotation":{"x":-0.11338673532009125,"y":0.03246378153562546,"z":0.0037071823608130218,"w":0.9930342435836792},"size":4.281424045562744,"orthographic":false}